-4.800175666809082031e+00,5.069480895996093750e+00,3.616074323654174805e-01,2.287674905479486487e+00
-4.800175666809082031e+00,5.069480895996093750e+00,3.616074323654174805e-01,2.374941354560479834e+00
-4.800175666809082031e+00,5.069480895996093750e+00,3.616074323654174805e-01,2.462207836183099019e+00
-4.800175666809082031e+00,5.069480895996093750e+00,3.616074323654174805e-01,2.549474279223334250e+00
-4.800175666809082031e+00,5.069480895996093750e+00,3.616074323654174805e-01,2.636740714437421751e+00
-4.800175666809082031e+00,5.069480895996093750e+00,3.616074323654174805e-01,2.724007195980102214e+00
-4.800175666809082031e+00,5.069480895996093750e+00,3.616074323654174805e-01,2.811273643095906660e+00
-4.800175666809082031e+00,5.069480895996093750e+00,3.616074323654174805e-01,2.898540097248345937e+00
-4.800175666809082031e+00,5.069480895996093750e+00,3.616074323654174805e-01,2.985806552116364809e+00
-4.800175666809082031e+00,5.069480895996093750e+00,3.616074323654174805e-01,3.073073002273161602e+00
-4.800175666809082031e+00,5.069480895996093750e+00,3.616074323654174805e-01,-3.122845846599577868e+00
-4.800175666809082031e+00,5.069480895996093750e+00,3.616074323654174805e-01,-3.035579389994074173e+00
-4.800175666809082031e+00,5.069480895996093750e+00,3.616074323654174805e-01,-2.948312913339396601e+00
-4.800175666809082031e+00,5.069480895996093750e+00,3.616074323654174805e-01,-2.861046462167061932e+00
-4.800175666809082031e+00,5.069480895996093750e+00,3.616074323654174805e-01,-2.773780019667114960e+00
-4.800175666809082031e+00,5.069480895996093750e+00,3.616074323654174805e-01,-2.686513548971869891e+00
-4.800175666809082031e+00,5.069480895996093750e+00,3.616074323654174805e-01,-2.599247118091908337e+00
-4.800175666809082031e+00,5.069480895996093750e+00,3.616074323654174805e-01,-2.511980656762139663e+00
-4.800175666809082031e+00,5.069480895996093750e+00,3.616074323654174805e-01,-2.424714205136391243e+00
-4.800175666809082031e+00,5.069480895996093750e+00,3.616074323654174805e-01,-2.337447780413343779e+00
-4.800175666809082031e+00,5.069480895996093750e+00,3.616074323654174805e-01,-2.250181276507359662e+00
-4.800175666809082031e+00,5.069480895996093750e+00,3.616074323654174805e-01,-2.162914780037514362e+00
-4.800175666809082031e+00,5.069480895996093750e+00,3.616074323654174805e-01,-2.075648308210556792e+00
-4.800175666809082031e+00,5.069480895996093750e+00,3.616074323654174805e-01,-1.988381866466436776e+00
-4.800175666809082031e+00,5.069480895996093750e+00,3.616074323654174805e-01,-1.901115410650743520e+00
-4.800175666809082031e+00,5.069480895996093750e+00,3.616074323654174805e-01,-1.813848941512483215e+00
-4.800175666809082031e+00,5.069480895996093750e+00,3.616074323654174805e-01,-1.726582480034618783e+00
-4.800175666809082031e+00,5.069480895996093750e+00,3.616074323654174805e-01,-1.639315971622945511e+00
-4.800175666809082031e+00,5.069480895996093750e+00,3.616074323654174805e-01,-1.552049556240604922e+00
-4.800175666809082031e+00,5.069480895996093750e+00,3.616074323654174805e-01,-1.464783026638516894e+00
-4.800175666809082031e+00,5.069480895996093750e+00,3.616074323654174805e-01,-1.377516509354170360e+00
-4.800175666809082031e+00,5.069480895996093750e+00,3.616074323654174805e-01,-1.290250075890691406e+00
-4.800175666809082031e+00,5.069480895996093750e+00,3.616074323654174805e-01,-1.202983574223664753e+00
-4.800175666809082031e+00,5.069480895996093750e+00,3.616074323654174805e-01,-1.115717078901339754e+00
-4.800175666809082031e+00,5.069480895996093750e+00,3.616074323654174805e-01,-1.028450602363292887e+00
-4.800175666809082031e+00,5.069480895996093750e+00,3.616074323654174805e-01,-9.411841761002355256e-01
-4.800175666809082031e+00,5.069480895996093750e+00,3.616074323654174805e-01,-8.539176938564132513e-01
-4.800175666809082031e+00,5.069480895996093750e+00,3.616074323654174805e-01,-7.666512437504202637e-01
-4.800175666809082031e+00,5.069480895996093750e+00,3.616074323654174805e-01,-6.793847612080288201e-01
-4.800175666809082031e+00,5.069480895996093750e+00,3.616074323654174805e-01,-5.921183173549984247e-01
-4.800175666809082031e+00,5.069480895996093750e+00,3.616074323654174805e-01,-5.048518814366396157e-01
-4.800175666809082031e+00,5.069480895996093750e+00,3.616074323654174805e-01,-4.175853992995461894e-01
-4.800175666809082031e+00,5.069480895996093750e+00,3.616074323654174805e-01,-3.303189517003319864e-01
-4.800175666809082031e+00,5.069480895996093750e+00,3.616074323654174805e-01,-2.430524971764000952e-01
-4.800175666809082031e+00,5.069480895996093750e+00,3.616074323654174805e-01,-1.557860420495149611e-01
-4.800175666809082031e+00,5.069480895996093750e+00,3.616074323654174805e-01,-6.851959174696364840e-02
-4.800175666809082031e+00,5.069480895996093750e+00,3.616074323654174805e-01,1.874686659224167329e-02
-4.800175666809082031e+00,5.069480895996093750e+00,3.616074323654174805e-01,1.060133231166435763e-01
-4.800175666809082031e+00,5.069480895996093750e+00,3.616074323654174805e-01,1.932797995769233168e-01
-4.800175666809082031e+00,5.069480895996093750e+00,3.616074323654174805e-01,2.805462504419322656e-01
-4.800175666809082031e+00,5.069480895996093750e+00,3.616074323654174805e-01,3.678126925222002797e-01
-4.800175666809082031e+00,5.069480895996093750e+00,3.616074323654174805e-01,4.550791626862196182e-01
-4.800175666809082031e+00,5.069480895996093750e+00,3.616074323654174805e-01,5.423456503509518356e-01
-4.800175666809082031e+00,5.069480895996093750e+00,3.616074323654174805e-01,6.296121101785772112e-01
-4.800175666809082031e+00,5.069480895996093750e+00,3.616074323654174805e-01,7.168785600863989416e-01
-4.800175666809082031e+00,5.069480895996093750e+00,3.616074323654174805e-01,8.041449664759250382e-01
-4.800175666809082031e+00,5.069480895996093750e+00,3.616074323654174805e-01,8.914114822545951000e-01
-4.800175666809082031e+00,5.069480895996093750e+00,3.616074323654174805e-01,9.786779753478445087e-01
-4.800175666809082031e+00,5.069480895996093750e+00,3.616074323654174805e-01,1.065944490159614233e+00
-4.800175666809082031e+00,5.069480895996093750e+00,3.616074323654174805e-01,1.153210952049345650e+00
-4.800175666809082031e+00,5.069480895996093750e+00,3.616074323654174805e-01,1.240477409232322081e+00
-4.800175666809082031e+00,5.069480895996093750e+00,3.616074323654174805e-01,1.327743879421328543e+00
-4.800175666809082031e+00,5.069480895996093750e+00,3.616074323654174805e-01,1.415010341631385060e+00
-4.800175666809082031e+00,5.069480895996093750e+00,3.616074323654174805e-01,1.502276850455301904e+00
-4.800175666809082031e+00,5.069480895996093750e+00,3.616074323654174805e-01,1.589543265929169280e+00
-4.800175666809082031e+00,5.069480895996093750e+00,3.616074323654174805e-01,1.676809795301876349e+00
-4.800175666809082031e+00,5.069480895996093750e+00,3.616074323654174805e-01,1.764076252536392886e+00
-4.800175666809082031e+00,5.069480895996093750e+00,3.616074323654174805e-01,1.851342672950252677e+00
-4.800175666809082031e+00,5.069480895996093750e+00,3.616074323654174805e-01,1.938609177653278337e+00
-4.800175666809082031e+00,5.069480895996093750e+00,3.616074323654174805e-01,2.025875675824497790e+00
-4.800175666809082031e+00,5.069480895996093750e+00,3.616074323654174805e-01,2.113142155018937096e+00
-4.800175666809082031e+00,5.069480895996093750e+00,3.616074323654174805e-01,2.200408584666345924e+00
-4.800175666809082031e+00,5.069480895996093750e+00,3.616074323654174805e-01,2.287675063352380800e+00
-4.800175666809082031e+00,5.069480895996093750e+00,3.616074323654174805e-01,2.444675001335463893e+00
-4.800175666809082031e+00,5.069480895996093750e+00,3.616074323654174805e-01,2.601674971259342328e+00
-4.800175666809082031e+00,5.069480895996093750e+00,3.616074323654174805e-01,2.758674957908342940e+00
-4.800175666809082031e+00,5.069480895996093750e+00,3.616074323654174805e-01,2.915674928355909135e+00
-4.800175666809082031e+00,5.069480895996093750e+00,3.616074323654174805e-01,3.072674916704809966e+00
-4.800175666809082031e+00,5.069480895996093750e+00,3.616074323654174805e-01,-3.053510409887297161e+00
-4.800175666809082031e+00,5.069480895996093750e+00,3.616074323654174805e-01,-2.896510419185867491e+00
-4.800175666809082031e+00,5.069480895996093750e+00,3.616074323654174805e-01,-2.739510415100879559e+00
-4.800175666809082031e+00,5.069480895996093750e+00,3.616074323654174805e-01,-2.582510486945012840e+00
-4.800175666809082031e+00,5.069480895996093750e+00,3.616074323654174805e-01,-2.425510468242546569e+00
-4.800175666809082031e+00,5.069480895996093750e+00,3.616074323654174805e-01,-2.268510504922251148e+00
-4.800175666809082031e+00,5.069480895996093750e+00,3.616074323654174805e-01,-2.111510507147524862e+00
-4.800175666809082031e+00,5.069480895996093750e+00,3.616074323654174805e-01,-1.954510456369557003e+00
-4.800175666809082031e+00,5.069480895996093750e+00,3.616074323654174805e-01,-1.797510499967769348e+00
-4.800175666809082031e+00,5.069480895996093750e+00,3.616074323654174805e-01,-1.640510540423747443e+00
-4.800175666809082031e+00,5.069480895996093750e+00,3.616074323654174805e-01,-1.483510570821390262e+00
-4.800175666809082031e+00,5.069480895996093750e+00,3.616074323654174805e-01,-1.326510625568954049e+00
-4.800175666809082031e+00,5.069480895996093750e+00,3.616074323654174805e-01,-1.169510622156965551e+00
-4.800175666809082031e+00,5.069480895996093750e+00,3.616074323654174805e-01,-1.012510662305092124e+00
-4.800175666809082031e+00,5.069480895996093750e+00,3.616074323654174805e-01,-8.555106364028711718e-01
-4.636217594146728516e+00,4.880754470825195312e+00,2.916718125343322754e-01,-8.555106364028711718e-01
-4.636217594146728516e+00,4.880754470825195312e+00,2.916718125343322754e-01,-1.012510667982132961e+00
-4.636217594146728516e+00,4.880754470825195312e+00,2.916718125343322754e-01,-1.169510687959940620e+00
-4.636217594146728516e+00,4.880754470825195312e+00,2.916718125343322754e-01,-1.326510792900341684e+00
-4.636217594146728516e+00,4.880754470825195312e+00,2.916718125343322754e-01,-1.483510739248248944e+00
-4.636217594146728516e+00,4.880754470825195312e+00,2.916718125343322754e-01,-1.640510708908731408e+00
-4.636217594146728516e+00,4.880754470825195312e+00,2.916718125343322754e-01,-1.797510741691013658e+00
-4.636217594146728516e+00,4.880754470825195312e+00,2.916718125343322754e-01,-1.954510755211162909e+00
-4.636217594146728516e+00,4.880754470825195312e+00,2.916718125343322754e-01,-2.111510766508950088e+00
-4.636217594146728516e+00,4.880754470825195312e+00,2.916718125343322754e-01,-2.268510771384401270e+00
-4.636217594146728516e+00,4.880754470825195312e+00,2.916718125343322754e-01,-2.425510747366663278e+00
-4.636217594146728516e+00,4.880754470825195312e+00,2.916718125343322754e-01,-2.582510749000268113e+00
-4.636217594146728516e+00,4.880754470825195312e+00,2.916718125343322754e-01,-2.739510725529290980e+00
-4.636217594146728516e+00,4.880754470825195312e+00,2.916718125343322754e-01,-2.896510729763681624e+00
-4.636217594146728516e+00,4.880754470825195312e+00,2.916718125343322754e-01,-3.053510707621524212e+00
-4.636217594146728516e+00,4.880754470825195312e+00,2.916718125343322754e-01,3.072674611412364865e+00
-4.636217594146728516e+00,4.880754470825195312e+00,2.916718125343322754e-01,2.915674630862970851e+00
-4.636217594146728516e+00,4.880754470825195312e+00,2.916718125343322754e-01,2.758674613388428121e+00
-4.636217594146728516e+00,4.880754470825195312e+00,2.916718125343322754e-01,2.601674594791952622e+00
-4.636217594146728516e+00,4.880754470825195312e+00,2.916718125343322754e-01,2.444674583793059686e+00
-4.636217594146728516e+00,4.880754470825195312e+00,2.916718125343322754e-01,2.287674584844911596e+00
-4.636217594146728516e+00,4.880754470825195312e+00,2.916718125343322754e-01,2.130674557817466841e+00
-4.636217594146728516e+00,4.880754470825195312e+00,2.916718125343322754e-01,1.973674540156013180e+00
-4.636217594146728516e+00,4.880754470825195312e+00,2.916718125343322754e-01,1.816674484355602637e+00
-4.636217594146728516e+00,4.880754470825195312e+00,2.916718125343322754e-01,1.659674506552153872e+00
-4.636217594146728516e+00,4.880754470825195312e+00,2.916718125343322754e-01,1.502674526850231729e+00
-4.636217594146728516e+00,4.880754470825195312e+00,2.916718125343322754e-01,1.484622607485707846e+00
-4.623307704925537109e+00,5.030198097229003906e+00,3.105143904685974121e-01,1.484622607485707846e+00
-4.610397815704345703e+00,5.179641723632812500e+00,3.194280862808227539e-01,1.484622607485707846e+00
-4.588881015777587891e+00,5.428714275360107422e+00,3.191637396812438965e-01,1.484622607485707846e+00
-4.588881015777587891e+00,5.428714275360107422e+00,3.191637396812438965e-01,1.641622550621386623e+00
-4.588881015777587891e+00,5.428714275360107422e+00,3.191637396812438965e-01,1.798622575350255381e+00
-4.588881015777587891e+00,5.428714275360107422e+00,3.191637396812438965e-01,1.955622570071506416e+00
-4.588881015777587891e+00,5.428714275360107422e+00,3.191637396812438965e-01,2.112622602589136811e+00
-4.588881015777587891e+00,5.428714275360107422e+00,3.191637396812438965e-01,2.269622529754685480e+00
-4.588881015777587891e+00,5.428714275360107422e+00,3.191637396812438965e-01,2.426622544151303629e+00
-4.588881015777587891e+00,5.428714275360107422e+00,3.191637396812438965e-01,2.583622539469869306e+00
-4.588881015777587891e+00,5.428714275360107422e+00,3.191637396812438965e-01,2.740622542986076215e+00
-4.588881015777587891e+00,5.428714275360107422e+00,3.191637396812438965e-01,2.897622528414777854e+00
-4.588881015777587891e+00,5.428714275360107422e+00,3.191637396812438965e-01,3.054622514203045203e+00
-4.588881015777587891e+00,5.428714275360107422e+00,3.191637396812438965e-01,-3.071562805472333402e+00
-4.588881015777587891e+00,5.428714275360107422e+00,3.191637396812438965e-01,-2.914562828317314391e+00
-4.588881015777587891e+00,5.428714275360107422e+00,3.191637396812438965e-01,-2.757562877113300726e+00
-4.588881015777587891e+00,5.428714275360107422e+00,3.191637396812438965e-01,-2.600562874535527591e+00
-4.588881015777587891e+00,5.428714275360107422e+00,3.191637396812438965e-01,-2.757562818604089472e+00
-4.588881015777587891e+00,5.428714275360107422e+00,3.191637396812438965e-01,-2.914562813512055151e+00
-4.588881015777587891e+00,5.428714275360107422e+00,3.191637396812438965e-01,-3.071562790580306679e+00
-4.588881015777587891e+00,5.428714275360107422e+00,3.191637396812438965e-01,3.054622534272309675e+00
-4.588881015777587891e+00,5.428714275360107422e+00,3.191637396812438965e-01,2.897622557995640946e+00
-4.588881015777587891e+00,5.428714275360107422e+00,3.191637396812438965e-01,2.740622577656948167e+00
-4.588881015777587891e+00,5.428714275360107422e+00,3.191637396812438965e-01,2.583622563942061579e+00
-4.588881015777587891e+00,5.428714275360107422e+00,3.191637396812438965e-01,2.426622599987729778e+00
-4.588881015777587891e+00,5.428714275360107422e+00,3.191637396812438965e-01,2.269622583783583281e+00
-4.588881015777587891e+00,5.428714275360107422e+00,3.191637396812438965e-01,2.112622498811935756e+00
-4.588881015777587891e+00,5.428714275360107422e+00,3.191637396812438965e-01,1.955622503452714156e+00
-4.588881015777587891e+00,5.428714275360107422e+00,3.191637396812438965e-01,1.798622501184279798e+00
-4.588881015777587891e+00,5.428714275360107422e+00,3.191637396812438965e-01,1.955622570071506416e+00
-4.588881015777587891e+00,5.428714275360107422e+00,3.191637396812438965e-01,2.112622602589136811e+00
-4.588881015777587891e+00,5.428714275360107422e+00,3.191637396812438965e-01,2.269622529754685480e+00
-4.588881015777587891e+00,5.428714275360107422e+00,3.191637396812438965e-01,2.426622544151303629e+00
-4.588881015777587891e+00,5.428714275360107422e+00,3.191637396812438965e-01,2.583622539469869306e+00
-4.588881015777587891e+00,5.428714275360107422e+00,3.191637396812438965e-01,2.740622542986076215e+00
-4.588881015777587891e+00,5.428714275360107422e+00,3.191637396812438965e-01,2.897622528414777854e+00
-4.588881015777587891e+00,5.428714275360107422e+00,3.191637396812438965e-01,3.054622514203045203e+00
-4.588881015777587891e+00,5.428714275360107422e+00,3.191637396812438965e-01,-3.071562805472333402e+00
-4.588881015777587891e+00,5.428714275360107422e+00,3.191637396812438965e-01,-2.914562828317314391e+00
-4.588881015777587891e+00,5.428714275360107422e+00,3.191637396812438965e-01,-2.757562877113300726e+00
-4.588881015777587891e+00,5.428714275360107422e+00,3.191637396812438965e-01,-2.600562874535527591e+00
-4.803175926208496094e+00,5.299959659576416016e+00,3.834046721458435059e-01,-2.600562874535527591e+00
-4.803175926208496094e+00,5.299959659576416016e+00,3.834046721458435059e-01,-2.443562899348259876e+00
-4.803175926208496094e+00,5.299959659576416016e+00,3.834046721458435059e-01,-2.348291843412803725e+00
-4.908400535583496094e+00,5.193058967590332031e+00,4.028251767158508301e-01,-2.348291843412803725e+00
-4.908400535583496094e+00,5.193058967590332031e+00,4.028251767158508301e-01,-2.191291834427246510e+00
-4.908400535583496094e+00,5.193058967590332031e+00,4.028251767158508301e-01,-2.034291840302817178e+00
-5.020169734954833984e+00,4.969435214996337891e+00,4.102679491043090820e-01,-2.034291840302817178e+00
-5.020169734954833984e+00,4.969435214996337891e+00,4.102679491043090820e-01,-2.191291834427246510e+00
-5.020169734954833984e+00,4.969435214996337891e+00,4.102679491043090820e-01,-2.348291788435852734e+00
-5.020169734954833984e+00,4.969435214996337891e+00,4.102679491043090820e-01,-2.375117795253185449e+00
-5.125885009765625000e+00,4.863445758819580078e+00,4.184033274650573730e-01,-2.375117795253185449e+00
-5.125885009765625000e+00,4.863445758819580078e+00,4.184033274650573730e-01,-2.387790926222431942e+00
-5.284736633300781250e+00,4.672823905944824219e+00,4.184033274650573730e-01,-2.387790926222431942e+00
-5.284736633300781250e+00,4.672823905944824219e+00,4.184033274650573730e-01,-2.230790920018075774e+00
-5.284736633300781250e+00,4.672823905944824219e+00,4.184033274650573730e-01,-2.073791046977068842e+00
-5.284736633300781250e+00,4.672823905944824219e+00,4.184033274650573730e-01,-1.916791041997125911e+00
-5.284736633300781250e+00,4.672823905944824219e+00,4.184033274650573730e-01,-1.777400667610277818e+00
-5.300000190734863281e+00,4.640816211700439453e+00,4.107969403266906738e-01,-1.777400667610277818e+00
-5.300000190734863281e+00,4.640816211700439453e+00,4.107969403266906738e-01,-1.934400542413980073e+00
-5.300000190734863281e+00,4.640816211700439453e+00,4.107969403266906738e-01,-2.091400478310199151e+00
-5.300000190734863281e+00,4.640816211700439453e+00,4.107969403266906738e-01,-2.248400489701479099e+00
-5.300000190734863281e+00,4.640816211700439453e+00,4.107969403266906738e-01,-2.405400477207460863e+00
-5.300000190734863281e+00,4.640816211700439453e+00,4.107969403266906738e-01,-2.562400433767997754e+00
-5.300000190734863281e+00,4.640816211700439453e+00,4.107969403266906738e-01,-2.719400450396054048e+00
-5.300000190734863281e+00,4.640816211700439453e+00,4.107969403266906738e-01,-2.754068864245442505e+00
-5.311409950256347656e+00,4.640816211700439453e+00,4.184034466743469238e-01,-2.754068864245442505e+00
-5.311409950256347656e+00,4.640816211700439453e+00,4.184034466743469238e-01,-2.754068864245442505e+00
-5.311409950256347656e+00,4.640816211700439453e+00,4.184034466743469238e-01,-2.754068864245442505e+00
-5.311409950256347656e+00,4.640816211700439453e+00,4.184034466743469238e-01,-2.754068864245442505e+00
-5.311409950256347656e+00,4.640816211700439453e+00,4.184034466743469238e-01,-2.754068864245442505e+00
-5.311409950256347656e+00,4.640816211700439453e+00,4.184034466743469238e-01,-2.754068864245442505e+00
-5.311409950256347656e+00,4.640816211700439453e+00,4.184034466743469238e-01,-2.754068864245442505e+00
-5.311409950256347656e+00,4.640816211700439453e+00,4.184034466743469238e-01,-2.754068864245442505e+00
-5.311409950256347656e+00,4.640816211700439453e+00,4.184034466743469238e-01,-2.754068864245442505e+00
-5.311409950256347656e+00,4.640816211700439453e+00,4.184034466743469238e-01,-2.754068864245442505e+00
-5.311409950256347656e+00,4.640816211700439453e+00,4.184034466743469238e-01,-2.754068864245442505e+00
-5.311409950256347656e+00,4.640816211700439453e+00,4.184034466743469238e-01,-2.754068864245442505e+00
-5.311409950256347656e+00,4.640816211700439453e+00,4.184034466743469238e-01,-2.754068864245442505e+00
-5.311409950256347656e+00,4.640816211700439453e+00,4.184034466743469238e-01,-2.754068864245442505e+00
-5.311409950256347656e+00,4.640816211700439453e+00,4.184034466743469238e-01,-2.754068864245442505e+00
-5.311409950256347656e+00,4.640816211700439453e+00,4.184034466743469238e-01,-2.754068864245442505e+00
-5.311409950256347656e+00,4.640816211700439453e+00,4.184034466743469238e-01,-2.754068864245442505e+00
-5.311409950256347656e+00,4.640816211700439453e+00,4.184034466743469238e-01,-2.754068864245442505e+00
-5.311409950256347656e+00,4.640816211700439453e+00,4.184034466743469238e-01,-2.754068864245442505e+00
-5.311409950256347656e+00,4.640816211700439453e+00,4.184034466743469238e-01,-2.754068864245442505e+00
-5.311409950256347656e+00,4.640816211700439453e+00,4.184034466743469238e-01,-2.754068864245442505e+00
-5.311409950256347656e+00,4.640816211700439453e+00,4.184034466743469238e-01,-2.754068864245442505e+00
-5.311409950256347656e+00,4.640816211700439453e+00,4.184034466743469238e-01,-2.754068864245442505e+00
-5.311409950256347656e+00,4.640816211700439453e+00,4.184034466743469238e-01,-2.754068864245442505e+00
-5.311409950256347656e+00,4.640816211700439453e+00,4.184034466743469238e-01,-2.754068864245442505e+00
-5.311409950256347656e+00,4.640816211700439453e+00,4.184034466743469238e-01,-2.754068864245442505e+00
-5.311409950256347656e+00,4.640816211700439453e+00,4.184034466743469238e-01,-2.754068864245442505e+00
-5.311409950256347656e+00,4.640816211700439453e+00,4.184034466743469238e-01,-2.754068864245442505e+00
-5.311409950256347656e+00,4.640816211700439453e+00,4.184034466743469238e-01,-2.754068864245442505e+00
-5.311409950256347656e+00,4.640816211700439453e+00,4.184034466743469238e-01,-2.754068864245442505e+00
-5.311409950256347656e+00,4.640816211700439453e+00,4.184034466743469238e-01,-2.754068864245442505e+00
-5.311409950256347656e+00,4.640816211700439453e+00,4.184034466743469238e-01,-2.754068864245442505e+00
-5.311409950256347656e+00,4.640816211700439453e+00,4.184034466743469238e-01,-2.754068864245442505e+00
-5.311409950256347656e+00,4.640816211700439453e+00,4.184034466743469238e-01,-2.754068864245442505e+00
-5.311409950256347656e+00,4.640816211700439453e+00,4.184034466743469238e-01,-2.754068864245442505e+00
-5.311409950256347656e+00,4.640816211700439453e+00,4.184034466743469238e-01,-2.754068864245442505e+00
-5.311409950256347656e+00,4.640816211700439453e+00,4.184034466743469238e-01,-2.754068864245442505e+00
-5.311409950256347656e+00,4.640816211700439453e+00,4.184034466743469238e-01,-2.754068864245442505e+00
-5.311409950256347656e+00,4.640816211700439453e+00,4.184034466743469238e-01,-2.754068864245442505e+00
-5.311409950256347656e+00,4.640816211700439453e+00,4.184034466743469238e-01,-2.754068864245442505e+00
-5.311409950256347656e+00,4.640816211700439453e+00,4.184034466743469238e-01,-2.754068864245442505e+00
-5.311409950256347656e+00,4.640816211700439453e+00,4.184034466743469238e-01,-2.754068864245442505e+00
-5.311409950256347656e+00,4.640816211700439453e+00,4.184034466743469238e-01,-2.754068864245442505e+00
-5.311409950256347656e+00,4.640816211700439453e+00,4.184034466743469238e-01,-2.754068864245442505e+00
-5.311409950256347656e+00,4.640816211700439453e+00,4.184034466743469238e-01,-2.754068864245442505e+00
-5.311409950256347656e+00,4.640816211700439453e+00,4.184034466743469238e-01,-2.754068864245442505e+00
-5.311409950256347656e+00,4.640816211700439453e+00,4.184034466743469238e-01,-2.754068864245442505e+00
-5.311409950256347656e+00,4.640816211700439453e+00,4.184034466743469238e-01,-2.754068864245442505e+00
-5.311409950256347656e+00,4.640816211700439453e+00,4.184034466743469238e-01,-2.754068864245442505e+00
-5.311409950256347656e+00,4.640816211700439453e+00,4.184034466743469238e-01,-2.754068864245442505e+00
-5.311409950256347656e+00,4.640816211700439453e+00,4.184034466743469238e-01,-2.754068864245442505e+00
-5.311409950256347656e+00,4.640816211700439453e+00,4.184034466743469238e-01,-2.754068864245442505e+00
-5.311409950256347656e+00,4.640816211700439453e+00,4.184034466743469238e-01,-2.754068864245442505e+00
-5.311409950256347656e+00,4.640816211700439453e+00,4.184034466743469238e-01,-2.754068864245442505e+00
-5.311409950256347656e+00,4.640816211700439453e+00,4.184034466743469238e-01,-2.754068864245442505e+00
-5.311409950256347656e+00,4.640816211700439453e+00,4.184034466743469238e-01,-2.754068864245442505e+00
-5.311409950256347656e+00,4.640816211700439453e+00,4.184034466743469238e-01,-2.754068864245442505e+00
-5.311409950256347656e+00,4.640816211700439453e+00,4.184034466743469238e-01,-2.754068864245442505e+00
-5.311409950256347656e+00,4.640816211700439453e+00,4.184034466743469238e-01,-2.754068864245442505e+00
-5.311409950256347656e+00,4.640816211700439453e+00,4.184034466743469238e-01,-2.754068864245442505e+00
-5.311409950256347656e+00,4.640816211700439453e+00,4.184034466743469238e-01,-2.754068864245442505e+00
-5.311409950256347656e+00,4.640816211700439453e+00,4.184034466743469238e-01,-2.754068864245442505e+00
-5.311409950256347656e+00,4.640816211700439453e+00,4.184034466743469238e-01,-2.754068864245442505e+00
-5.311409950256347656e+00,4.640816211700439453e+00,4.184034466743469238e-01,-2.754068864245442505e+00
-5.311409950256347656e+00,4.640816211700439453e+00,4.184034466743469238e-01,-2.754068864245442505e+00
-5.311409950256347656e+00,4.640816211700439453e+00,4.184034466743469238e-01,-2.754068864245442505e+00
-5.311409950256347656e+00,4.640816211700439453e+00,4.184034466743469238e-01,-2.754068864245442505e+00
-5.311409950256347656e+00,4.640816211700439453e+00,4.184034466743469238e-01,-2.754068864245442505e+00
-5.311409950256347656e+00,4.640816211700439453e+00,4.184034466743469238e-01,-2.754068864245442505e+00
-5.311409950256347656e+00,4.640816211700439453e+00,4.184034466743469238e-01,-2.754068864245442505e+00
-5.311409950256347656e+00,4.640816211700439453e+00,4.184034466743469238e-01,-2.754068864245442505e+00
-5.311409950256347656e+00,4.640816211700439453e+00,4.184034466743469238e-01,-2.754068864245442505e+00
-5.311409950256347656e+00,4.640816211700439453e+00,4.184034466743469238e-01,-2.754068864245442505e+00
-5.311409950256347656e+00,4.640816211700439453e+00,4.184034466743469238e-01,-2.754068864245442505e+00
-5.311409950256347656e+00,4.640816211700439453e+00,4.184034466743469238e-01,-2.754068864245442505e+00
-5.311409950256347656e+00,4.640816211700439453e+00,4.184034466743469238e-01,-2.754068864245442505e+00
-5.311409950256347656e+00,4.640816211700439453e+00,4.184034466743469238e-01,-2.754068864245442505e+00
-5.311409950256347656e+00,4.640816211700439453e+00,4.184034466743469238e-01,-2.754068864245442505e+00
-5.311409950256347656e+00,4.640816211700439453e+00,4.184034466743469238e-01,-2.754068864245442505e+00
-5.311409950256347656e+00,4.640816211700439453e+00,4.184034466743469238e-01,-2.754068864245442505e+00
-5.311409950256347656e+00,4.640816211700439453e+00,4.184034466743469238e-01,-2.754068864245442505e+00
-5.311409950256347656e+00,4.640816211700439453e+00,4.184034466743469238e-01,-2.754068864245442505e+00
-5.311409950256347656e+00,4.640816211700439453e+00,4.184034466743469238e-01,-2.754068864245442505e+00
-5.311409950256347656e+00,4.640816211700439453e+00,4.184034466743469238e-01,-2.754068864245442505e+00
-5.311409950256347656e+00,4.640816211700439453e+00,4.184034466743469238e-01,-2.754068864245442505e+00
-5.311409950256347656e+00,4.640816211700439453e+00,4.184034466743469238e-01,-2.754068864245442505e+00
-5.311409950256347656e+00,4.640816211700439453e+00,4.184034466743469238e-01,-2.754068864245442505e+00
-5.311409950256347656e+00,4.640816211700439453e+00,4.184034466743469238e-01,-2.754068864245442505e+00
-5.311409950256347656e+00,4.640816211700439453e+00,4.184034466743469238e-01,-2.754068864245442505e+00
-5.311409950256347656e+00,4.640816211700439453e+00,4.184034466743469238e-01,-2.754068864245442505e+00
-5.311409950256347656e+00,4.640816211700439453e+00,4.184034466743469238e-01,-2.754068864245442505e+00
-5.311409950256347656e+00,4.640816211700439453e+00,4.184034466743469238e-01,-2.754068864245442505e+00
-5.311409950256347656e+00,4.640816211700439453e+00,4.184034466743469238e-01,-2.754068864245442505e+00
-5.311409950256347656e+00,4.640816211700439453e+00,4.184034466743469238e-01,-2.754068864245442505e+00
-5.311409950256347656e+00,4.640816211700439453e+00,4.184034466743469238e-01,-2.754068864245442505e+00
-5.311409950256347656e+00,4.640816211700439453e+00,4.184034466743469238e-01,-2.754068864245442505e+00
-5.311409950256347656e+00,4.640816211700439453e+00,4.184034466743469238e-01,-2.754068864245442505e+00
-5.311409950256347656e+00,4.640816211700439453e+00,4.184034466743469238e-01,-2.754068864245442505e+00
-5.311409950256347656e+00,4.640816211700439453e+00,4.184034466743469238e-01,-2.754068864245442505e+00
-5.311409950256347656e+00,4.640816211700439453e+00,4.184034466743469238e-01,-2.754068864245442505e+00
-5.311409950256347656e+00,4.640816211700439453e+00,4.184034466743469238e-01,-2.754068864245442505e+00
-5.311409950256347656e+00,4.640816211700439453e+00,4.184034466743469238e-01,-2.754068864245442505e+00
-5.311409950256347656e+00,4.640816211700439453e+00,4.184034466743469238e-01,-2.754068864245442505e+00
-5.311409950256347656e+00,4.640816211700439453e+00,4.184034466743469238e-01,-2.754068864245442505e+00
-5.311409950256347656e+00,4.640816211700439453e+00,4.184034466743469238e-01,-2.754068864245442505e+00
-5.311409950256347656e+00,4.640816211700439453e+00,4.184034466743469238e-01,-2.754068864245442505e+00
-5.311409950256347656e+00,4.640816211700439453e+00,4.184034466743469238e-01,-2.754068864245442505e+00
-5.311409950256347656e+00,4.640816211700439453e+00,4.184034466743469238e-01,-2.754068864245442505e+00
-5.311409950256347656e+00,4.640816211700439453e+00,4.184034466743469238e-01,-2.754068864245442505e+00
-5.311409950256347656e+00,4.640816211700439453e+00,4.184034466743469238e-01,-2.754068864245442505e+00
-5.311409950256347656e+00,4.640816211700439453e+00,4.184034466743469238e-01,-2.754068864245442505e+00
-5.311409950256347656e+00,4.640816211700439453e+00,4.184034466743469238e-01,-2.754068864245442505e+00
-5.311409950256347656e+00,4.640816211700439453e+00,4.184034466743469238e-01,-2.754068864245442505e+00
-5.311409950256347656e+00,4.640816211700439453e+00,4.184034466743469238e-01,-2.754068864245442505e+00
-5.311409950256347656e+00,4.640816211700439453e+00,4.184034466743469238e-01,-2.754068864245442505e+00
-5.311409950256347656e+00,4.640816211700439453e+00,4.184034466743469238e-01,-2.754068864245442505e+00
-5.311409950256347656e+00,4.640816211700439453e+00,4.184034466743469238e-01,-2.754068864245442505e+00
-5.311409950256347656e+00,4.640816211700439453e+00,4.184034466743469238e-01,-2.754068864245442505e+00
-5.311409950256347656e+00,4.640816211700439453e+00,4.184034466743469238e-01,-2.754068864245442505e+00
-5.311409950256347656e+00,4.640816211700439453e+00,4.184034466743469238e-01,-2.754068864245442505e+00
-5.311409950256347656e+00,4.640816211700439453e+00,4.184034466743469238e-01,-2.709850101632606201e+00
-5.311409950256347656e+00,4.640816211700439453e+00,4.184034466743469238e-01,-2.709850101632606201e+00
-5.311409950256347656e+00,4.640816211700439453e+00,4.184034466743469238e-01,-2.709850101632606201e+00
-5.311409950256347656e+00,4.640816211700439453e+00,4.184034466743469238e-01,-2.709850101632606201e+00
-5.311409950256347656e+00,4.640816211700439453e+00,4.184034466743469238e-01,-2.709850101632606201e+00
-5.311409950256347656e+00,4.640816211700439453e+00,4.184034466743469238e-01,-2.709850101632606201e+00
-5.311409950256347656e+00,4.640816211700439453e+00,4.184034466743469238e-01,-2.709850101632606201e+00
-5.311409950256347656e+00,4.640816211700439453e+00,4.184034466743469238e-01,-2.709850101632606201e+00
-5.311409950256347656e+00,4.640816211700439453e+00,4.184034466743469238e-01,-2.709850101632606201e+00
-5.311409950256347656e+00,4.640816211700439453e+00,4.184034466743469238e-01,-2.709850101632606201e+00
-5.311409950256347656e+00,4.640816211700439453e+00,4.184034466743469238e-01,-2.709850101632606201e+00
-5.311409950256347656e+00,4.640816211700439453e+00,4.184034466743469238e-01,-2.709850101632606201e+00
-5.311409950256347656e+00,4.640816211700439453e+00,4.184034466743469238e-01,-2.709850101632606201e+00
-5.311409950256347656e+00,4.640816211700439453e+00,4.184034466743469238e-01,-2.709850101632606201e+00
-5.311409950256347656e+00,4.640816211700439453e+00,4.184034466743469238e-01,-2.709850101632606201e+00
-5.311409950256347656e+00,4.640816211700439453e+00,4.184034466743469238e-01,-2.709850101632606201e+00
-5.311409950256347656e+00,4.640816211700439453e+00,4.184034466743469238e-01,-2.709850101632606201e+00
-5.311409950256347656e+00,4.640816211700439453e+00,4.184034466743469238e-01,-2.709850101632606201e+00
-5.311409950256347656e+00,4.640816211700439453e+00,4.184034466743469238e-01,-2.709850101632606201e+00
-5.311409950256347656e+00,4.640816211700439453e+00,4.184034466743469238e-01,-2.709850101632606201e+00
-5.311409950256347656e+00,4.640816211700439453e+00,4.184034466743469238e-01,-2.709850101632606201e+00
-5.311409950256347656e+00,4.640816211700439453e+00,4.184034466743469238e-01,-2.709850101632606201e+00
-5.311409950256347656e+00,4.640816211700439453e+00,4.184034466743469238e-01,-2.709850101632606201e+00
-5.311409950256347656e+00,4.640816211700439453e+00,4.184034466743469238e-01,-2.709850101632606201e+00
-5.311409950256347656e+00,4.640816211700439453e+00,4.184034466743469238e-01,-2.709850101632606201e+00
-5.311409950256347656e+00,4.640816211700439453e+00,4.184034466743469238e-01,-2.709850101632606201e+00
-5.311409950256347656e+00,4.640816211700439453e+00,4.184034466743469238e-01,-2.709850101632606201e+00
-5.311409950256347656e+00,4.640816211700439453e+00,4.184034466743469238e-01,-2.709850101632606201e+00
-5.311409950256347656e+00,4.640816211700439453e+00,4.184034466743469238e-01,-2.709850101632606201e+00
-5.311409950256347656e+00,4.640816211700439453e+00,4.184034466743469238e-01,-2.709850101632606201e+00
-5.311409950256347656e+00,4.640816211700439453e+00,4.184034466743469238e-01,-2.709850101632606201e+00
-5.311409950256347656e+00,4.640816211700439453e+00,4.184034466743469238e-01,-2.709850101632606201e+00
-5.311409950256347656e+00,4.640816211700439453e+00,4.184034466743469238e-01,-2.709850101632606201e+00
-5.311409950256347656e+00,4.640816211700439453e+00,4.184034466743469238e-01,-2.709850101632606201e+00
-5.311409950256347656e+00,4.640816211700439453e+00,4.184034466743469238e-01,-2.709850101632606201e+00
-5.311409950256347656e+00,4.640816211700439453e+00,4.184034466743469238e-01,-2.709850101632606201e+00
-5.311409950256347656e+00,4.640816211700439453e+00,4.184034466743469238e-01,-2.709850101632606201e+00
-5.311409950256347656e+00,4.640816211700439453e+00,4.184034466743469238e-01,-2.709850101632606201e+00
-5.311409950256347656e+00,4.640816211700439453e+00,4.184034466743469238e-01,-2.709850101632606201e+00
-5.311409950256347656e+00,4.640816211700439453e+00,4.184034466743469238e-01,-2.709850101632606201e+00
-5.311409950256347656e+00,4.640816211700439453e+00,4.184034466743469238e-01,-2.709850101632606201e+00
-5.311409950256347656e+00,4.640816211700439453e+00,4.184034466743469238e-01,-2.709850101632606201e+00
-5.311409950256347656e+00,4.640816211700439453e+00,4.184034466743469238e-01,-2.709850101632606201e+00
-5.311409950256347656e+00,4.640816211700439453e+00,4.184034466743469238e-01,-2.709850101632606201e+00
-5.311409950256347656e+00,4.640816211700439453e+00,4.184034466743469238e-01,-2.709850101632606201e+00
-5.311409950256347656e+00,4.640816211700439453e+00,4.184034466743469238e-01,-2.709850101632606201e+00
-5.311409950256347656e+00,4.640816211700439453e+00,4.184034466743469238e-01,-2.709850101632606201e+00
-5.311409950256347656e+00,4.640816211700439453e+00,4.184034466743469238e-01,-2.709850101632606201e+00
-5.311409950256347656e+00,4.640816211700439453e+00,4.184034466743469238e-01,-2.709850101632606201e+00
-5.311409950256347656e+00,4.640816211700439453e+00,4.184034466743469238e-01,-2.709850101632606201e+00
-5.311409950256347656e+00,4.640816211700439453e+00,4.184034466743469238e-01,-2.709850101632606201e+00
-5.311409950256347656e+00,4.640816211700439453e+00,4.184034466743469238e-01,-2.709850101632606201e+00
-5.311409950256347656e+00,4.640816211700439453e+00,4.184034466743469238e-01,-2.709850101632606201e+00
-5.311409950256347656e+00,4.640816211700439453e+00,4.184034466743469238e-01,-2.709850101632606201e+00
-5.311409950256347656e+00,4.640816211700439453e+00,4.184034466743469238e-01,-2.709850101632606201e+00
-5.311409950256347656e+00,4.640816211700439453e+00,4.184034466743469238e-01,-2.709850101632606201e+00
-5.311409950256347656e+00,4.640816211700439453e+00,4.184034466743469238e-01,-2.709850101632606201e+00
-5.311409950256347656e+00,4.640816211700439453e+00,4.184034466743469238e-01,-2.709850101632606201e+00
-5.311409950256347656e+00,4.640816211700439453e+00,4.184034466743469238e-01,-2.709850101632606201e+00
-5.311409950256347656e+00,4.640816211700439453e+00,4.184034466743469238e-01,-2.709850101632606201e+00
-5.311409950256347656e+00,4.640816211700439453e+00,4.184034466743469238e-01,-2.709850101632606201e+00
-5.311409950256347656e+00,4.640816211700439453e+00,4.184034466743469238e-01,-2.709850101632606201e+00
-5.311409950256347656e+00,4.640816211700439453e+00,4.184034466743469238e-01,-2.709850101632606201e+00
-5.311409950256347656e+00,4.640816211700439453e+00,4.184034466743469238e-01,-2.709850101632606201e+00
-5.311409950256347656e+00,4.640816211700439453e+00,4.184034466743469238e-01,-2.709850101632606201e+00
-5.311409950256347656e+00,4.640816211700439453e+00,4.184034466743469238e-01,-2.709850101632606201e+00
-5.311409950256347656e+00,4.640816211700439453e+00,4.184034466743469238e-01,-2.709850101632606201e+00
-5.311409950256347656e+00,4.640816211700439453e+00,4.184034466743469238e-01,-2.709850101632606201e+00
-5.311409950256347656e+00,4.640816211700439453e+00,4.184034466743469238e-01,-2.709850101632606201e+00
-5.311409950256347656e+00,4.640816211700439453e+00,4.184034466743469238e-01,-2.709850101632606201e+00
-5.311409950256347656e+00,4.640816211700439453e+00,4.184034466743469238e-01,-2.709850101632606201e+00
-5.311409950256347656e+00,4.640816211700439453e+00,4.184034466743469238e-01,-2.709850101632606201e+00
-5.311409950256347656e+00,4.640816211700439453e+00,4.184034466743469238e-01,-2.709850101632606201e+00
-5.311409950256347656e+00,4.640816211700439453e+00,4.184034466743469238e-01,-2.709850101632606201e+00
-5.311409950256347656e+00,4.640816211700439453e+00,4.184034466743469238e-01,-2.709850101632606201e+00
-5.311409950256347656e+00,4.640816211700439453e+00,4.184034466743469238e-01,-2.709850101632606201e+00
-5.311409950256347656e+00,4.640816211700439453e+00,4.184034466743469238e-01,-2.709850101632606201e+00
-5.311409950256347656e+00,4.640816211700439453e+00,4.184034466743469238e-01,-2.709850101632606201e+00
-5.311409950256347656e+00,4.640816211700439453e+00,4.184034466743469238e-01,-2.709850101632606201e+00
-5.311409950256347656e+00,4.640816211700439453e+00,4.184034466743469238e-01,-2.709850101632606201e+00
-5.311409950256347656e+00,4.640816211700439453e+00,4.184034466743469238e-01,-2.709850101632606201e+00
-5.311409950256347656e+00,4.640816211700439453e+00,4.184034466743469238e-01,-2.709850101632606201e+00
-5.311409950256347656e+00,4.640816211700439453e+00,4.184034466743469238e-01,-2.709850101632606201e+00
-5.311409950256347656e+00,4.640816211700439453e+00,4.184034466743469238e-01,-2.709850101632606201e+00
-5.311409950256347656e+00,4.640816211700439453e+00,4.184034466743469238e-01,-2.709850101632606201e+00
-5.311409950256347656e+00,4.640816211700439453e+00,4.184034466743469238e-01,-2.709850101632606201e+00
-5.311409950256347656e+00,4.640816211700439453e+00,4.184034466743469238e-01,-2.709850101632606201e+00
-5.311409950256347656e+00,4.640816211700439453e+00,4.184034466743469238e-01,-2.709850101632606201e+00
-5.311409950256347656e+00,4.640816211700439453e+00,4.184034466743469238e-01,-2.709850101632606201e+00
-5.311409950256347656e+00,4.640816211700439453e+00,4.184034466743469238e-01,-2.709850101632606201e+00
-5.311409950256347656e+00,4.640816211700439453e+00,4.184034466743469238e-01,-2.709850101632606201e+00
-5.311409950256347656e+00,4.640816211700439453e+00,4.184034466743469238e-01,-2.709850101632606201e+00
-5.311409950256347656e+00,4.640816211700439453e+00,4.184034466743469238e-01,-2.709850101632606201e+00
-5.311409950256347656e+00,4.640816211700439453e+00,4.184034466743469238e-01,-2.709850101632606201e+00
-5.311409950256347656e+00,4.640816211700439453e+00,4.184034466743469238e-01,-2.709850101632606201e+00
-5.311409950256347656e+00,4.640816211700439453e+00,4.184034466743469238e-01,-2.709850101632606201e+00
-5.311409950256347656e+00,4.640816211700439453e+00,4.184034466743469238e-01,-2.709850101632606201e+00
-5.311409950256347656e+00,4.640816211700439453e+00,4.184034466743469238e-01,-2.709850101632606201e+00
-5.311409950256347656e+00,4.640816211700439453e+00,4.184034466743469238e-01,-2.709850101632606201e+00
-5.311409950256347656e+00,4.640816211700439453e+00,4.184034466743469238e-01,-2.709850101632606201e+00
-5.311409950256347656e+00,4.640816211700439453e+00,4.184034466743469238e-01,-2.709850101632606201e+00
-5.311409950256347656e+00,4.640816211700439453e+00,4.184034466743469238e-01,-2.709850101632606201e+00
-5.311409950256347656e+00,4.640816211700439453e+00,4.184034466743469238e-01,-2.709850101632606201e+00
-5.311409950256347656e+00,4.640816211700439453e+00,4.184034466743469238e-01,-2.709850101632606201e+00
-5.311409950256347656e+00,4.640816211700439453e+00,4.184034466743469238e-01,-2.709850101632606201e+00
-5.311409950256347656e+00,4.640816211700439453e+00,4.184034466743469238e-01,-2.709850101632606201e+00
-5.311409950256347656e+00,4.640816211700439453e+00,4.184034466743469238e-01,-2.709850101632606201e+00
-5.311409950256347656e+00,4.640816211700439453e+00,4.184034466743469238e-01,-2.709850101632606201e+00
-5.311409950256347656e+00,4.640816211700439453e+00,4.184034466743469238e-01,-2.709850101632606201e+00
-5.311409950256347656e+00,4.640816211700439453e+00,4.184034466743469238e-01,-2.709850101632606201e+00
-5.311409950256347656e+00,4.640816211700439453e+00,4.184034466743469238e-01,-2.709850101632606201e+00
-5.311409950256347656e+00,4.640816211700439453e+00,4.184034466743469238e-01,-2.709850101632606201e+00
-5.311409950256347656e+00,4.640816211700439453e+00,4.184034466743469238e-01,-2.709850101632606201e+00
-5.311409950256347656e+00,4.640816211700439453e+00,4.184034466743469238e-01,-2.709850101632606201e+00
-5.311409950256347656e+00,4.640816211700439453e+00,4.184034466743469238e-01,-2.709850101632606201e+00
-5.311409950256347656e+00,4.640816211700439453e+00,4.184034466743469238e-01,-2.709850101632606201e+00
-5.311409950256347656e+00,4.640816211700439453e+00,4.184034466743469238e-01,-2.709850101632606201e+00
-5.311409950256347656e+00,4.640816211700439453e+00,4.184034466743469238e-01,-2.709850101632606201e+00
-5.311409950256347656e+00,4.640816211700439453e+00,4.184034466743469238e-01,-2.709850101632606201e+00
-5.311409950256347656e+00,4.640816211700439453e+00,4.184034466743469238e-01,-2.709850101632606201e+00
-5.311409950256347656e+00,4.640816211700439453e+00,4.184034466743469238e-01,-2.709850101632606201e+00
-5.311409950256347656e+00,4.640816211700439453e+00,4.184034466743469238e-01,-2.709850101632606201e+00
-5.311409950256347656e+00,4.640816211700439453e+00,4.184034466743469238e-01,-2.709850101632606201e+00
-5.311409950256347656e+00,4.640816211700439453e+00,4.184034466743469238e-01,-2.709850101632606201e+00
-5.311409950256347656e+00,4.640816211700439453e+00,4.184034466743469238e-01,-2.709850101632606201e+00
-5.311409950256347656e+00,4.640816211700439453e+00,4.184034466743469238e-01,-2.709850101632606201e+00
-5.311409950256347656e+00,4.640816211700439453e+00,4.184034466743469238e-01,-2.709850101632606201e+00
-5.311409950256347656e+00,4.640816211700439453e+00,4.184034466743469238e-01,-2.709850101632606201e+00
-5.311409950256347656e+00,4.640816211700439453e+00,4.184034466743469238e-01,-2.709850101632606201e+00
-5.311409950256347656e+00,4.640816211700439453e+00,4.184034466743469238e-01,-2.709850101632606201e+00
-5.311409950256347656e+00,4.640816211700439453e+00,4.184034466743469238e-01,-2.709850101632606201e+00
-5.311409950256347656e+00,4.640816211700439453e+00,4.184034466743469238e-01,-2.709850101632606201e+00
-5.311409950256347656e+00,4.640816211700439453e+00,4.184034466743469238e-01,-2.709850101632606201e+00
-5.311409950256347656e+00,4.640816211700439453e+00,4.184034466743469238e-01,-2.709850101632606201e+00
-5.311409950256347656e+00,4.640816211700439453e+00,4.184034466743469238e-01,-2.709850101632606201e+00
-5.311409950256347656e+00,4.640816211700439453e+00,4.184034466743469238e-01,-2.709850101632606201e+00
-5.311409950256347656e+00,4.640816211700439453e+00,4.184034466743469238e-01,-2.709850101632606201e+00
-5.311409950256347656e+00,4.640816211700439453e+00,4.184034466743469238e-01,-2.709850101632606201e+00
-5.311409950256347656e+00,4.640816211700439453e+00,4.184034466743469238e-01,-2.709850101632606201e+00
-5.311409950256347656e+00,4.640816211700439453e+00,4.184034466743469238e-01,-2.709850101632606201e+00
-5.311409950256347656e+00,4.640816211700439453e+00,4.184034466743469238e-01,-2.709850101632606201e+00
-5.311409950256347656e+00,4.640816211700439453e+00,4.184034466743469238e-01,-2.709850101632606201e+00
-5.311409950256347656e+00,4.640816211700439453e+00,4.184034466743469238e-01,-2.709850101632606201e+00
-5.311409950256347656e+00,4.640816211700439453e+00,4.184034466743469238e-01,-2.709850101632606201e+00
-5.311409950256347656e+00,4.640816211700439453e+00,4.184034466743469238e-01,-2.709850101632606201e+00
-5.311409950256347656e+00,4.640816211700439453e+00,4.184034466743469238e-01,-2.709850101632606201e+00
-5.311409950256347656e+00,4.640816211700439453e+00,4.184034466743469238e-01,-2.709850101632606201e+00
-5.311409950256347656e+00,4.640816211700439453e+00,4.184034466743469238e-01,-2.709850101632606201e+00
-5.311409950256347656e+00,4.640816211700439453e+00,4.184034466743469238e-01,-2.709850101632606201e+00
-5.311409950256347656e+00,4.640816211700439453e+00,4.184034466743469238e-01,-2.709850101632606201e+00
-5.311409950256347656e+00,4.640816211700439453e+00,4.184034466743469238e-01,-2.709850101632606201e+00
-5.311409950256347656e+00,4.640816211700439453e+00,4.184034466743469238e-01,-2.709850101632606201e+00
-5.311409950256347656e+00,4.640816211700439453e+00,4.184034466743469238e-01,-2.709850101632606201e+00
-5.311409950256347656e+00,4.640816211700439453e+00,4.184034466743469238e-01,-2.709850101632606201e+00
-5.311409950256347656e+00,4.640816211700439453e+00,4.184034466743469238e-01,-2.709850101632606201e+00
-5.311409950256347656e+00,4.640816211700439453e+00,4.184034466743469238e-01,-2.709850101632606201e+00
-5.311409950256347656e+00,4.640816211700439453e+00,4.184034466743469238e-01,-2.709850101632606201e+00
-5.311409950256347656e+00,4.640816211700439453e+00,4.184034466743469238e-01,-2.709850101632606201e+00
-5.311409950256347656e+00,4.640816211700439453e+00,4.184034466743469238e-01,-2.709850101632606201e+00
-5.311409950256347656e+00,4.640816211700439453e+00,4.184034466743469238e-01,-2.709850101632606201e+00
-5.311409950256347656e+00,4.640816211700439453e+00,4.184034466743469238e-01,-2.709850101632606201e+00
-5.311409950256347656e+00,4.640816211700439453e+00,4.184034466743469238e-01,-2.709850101632606201e+00
-5.311409950256347656e+00,4.640816211700439453e+00,4.184034466743469238e-01,-2.709850101632606201e+00
-5.311409950256347656e+00,4.640816211700439453e+00,4.184034466743469238e-01,-2.709850101632606201e+00
-5.311409950256347656e+00,4.640816211700439453e+00,4.184034466743469238e-01,-2.709850101632606201e+00
-5.311409950256347656e+00,4.640816211700439453e+00,4.184034466743469238e-01,-2.709850101632606201e+00
-5.311409950256347656e+00,4.640816211700439453e+00,4.184034466743469238e-01,-2.709850101632606201e+00
-5.311409950256347656e+00,4.640816211700439453e+00,4.184034466743469238e-01,-2.709850101632606201e+00
-5.311409950256347656e+00,4.640816211700439453e+00,4.184034466743469238e-01,-2.709850101632606201e+00
-5.311409950256347656e+00,4.640816211700439453e+00,4.184034466743469238e-01,-2.709850101632606201e+00
-5.311409950256347656e+00,4.640816211700439453e+00,4.184034466743469238e-01,-2.709850101632606201e+00
-5.311409950256347656e+00,4.640816211700439453e+00,4.184034466743469238e-01,-2.709850101632606201e+00
-5.311409950256347656e+00,4.640816211700439453e+00,4.184034466743469238e-01,-2.709850101632606201e+00
-5.311409950256347656e+00,4.640816211700439453e+00,4.184034466743469238e-01,-2.709850101632606201e+00
-5.311409950256347656e+00,4.640816211700439453e+00,4.184034466743469238e-01,-2.709850101632606201e+00
-5.311409950256347656e+00,4.640816211700439453e+00,4.184034466743469238e-01,-2.709850101632606201e+00
-5.311409950256347656e+00,4.640816211700439453e+00,4.184034466743469238e-01,-2.709850101632606201e+00
-5.311409950256347656e+00,4.640816211700439453e+00,4.184034466743469238e-01,-2.709850101632606201e+00
-5.311409950256347656e+00,4.640816211700439453e+00,4.184034466743469238e-01,-2.709850101632606201e+00
-5.311409950256347656e+00,4.640816211700439453e+00,4.184034466743469238e-01,-2.709850101632606201e+00
-5.311409950256347656e+00,4.640816211700439453e+00,4.184034466743469238e-01,-2.709850101632606201e+00
-5.311409950256347656e+00,4.640816211700439453e+00,4.184034466743469238e-01,-2.709850101632606201e+00
-5.311409950256347656e+00,4.640816211700439453e+00,4.184034466743469238e-01,-2.709850101632606201e+00
-5.311409950256347656e+00,4.640816211700439453e+00,4.184034466743469238e-01,-2.709850101632606201e+00
-5.311409950256347656e+00,4.640816211700439453e+00,4.184034466743469238e-01,-2.709850101632606201e+00
-5.311409950256347656e+00,4.640816211700439453e+00,4.184034466743469238e-01,-2.709850101632606201e+00
-5.311409950256347656e+00,4.640816211700439453e+00,4.184034466743469238e-01,-2.709850101632606201e+00
-5.311409950256347656e+00,4.640816211700439453e+00,4.184034466743469238e-01,-2.709850101632606201e+00
-5.311409950256347656e+00,4.640816211700439453e+00,4.184034466743469238e-01,-2.709850101632606201e+00
-5.311409950256347656e+00,4.640816211700439453e+00,4.184034466743469238e-01,-2.709850101632606201e+00
-5.311409950256347656e+00,4.640816211700439453e+00,4.184034466743469238e-01,-2.709850101632606201e+00
-5.311409950256347656e+00,4.640816211700439453e+00,4.184034466743469238e-01,-2.709850101632606201e+00
-5.311409950256347656e+00,4.640816211700439453e+00,4.184034466743469238e-01,-2.709850101632606201e+00
-5.311409950256347656e+00,4.640816211700439453e+00,4.184034466743469238e-01,-2.709850101632606201e+00
